id,name,group,robot_chip,tool_needed,tool_tier,by_hand_at_start
apple,Apple,Fruit,Harvest,grabber,1,
orange,Orange,Fruit,Harvest,grabber,1,
banana,Banana,Fruit,Harvest,grabber,1,
blue_berry,Blue Berry,Fruit,Harvest,grabber,1,
red_berry,Red Berry,Fruit,Harvest,grabber,1,
grape,Grape,Fruit,Harvest,grabber,2,
lemon,Lemon,Fruit,Harvest,grabber,2,
pear,Pear,Fruit,Harvest,grabber,2,
peach,Peach,Fruit,Harvest,grabber,2,
mango,Mango,Fruit,Harvest,grabber,2,
coconut,Coconut,Fruit,Harvest,grabber,2,
pineapple,Pineapple,Fruit,Harvest,grabber,3,
dragon_fruit,Dragon Fruit,Fruit,Harvest,grabber,3,
sun_citrus,Sun Citrus,Fruit,Harvest,grabber,3,
glow_berry,Glow Berry,Fruit,Harvest,grabber,3,
cube_melon,Cube Melon,Fruit,Harvest,grabber,4,
tomato,Tomato,Vegetable,Harvest,grabber,1,
carrot,Carrot,Vegetable,Harvest,grabber,1,
lettuce,Lettuce,Vegetable,Harvest,grabber,1,
potato,Potato,Vegetable,Harvest,grabber,1,
eggplant,Eggplant,Vegetable,Harvest,grabber,2,
cabbage,Cabbage,Vegetable,Harvest,grabber,2,
onion,Onion,Vegetable,Harvest,grabber,2,
garlic,Garlic,Vegetable,Harvest,grabber,2,
pumpkin,Pumpkin,Vegetable,Harvest,grabber,2,
corn,Corn,Vegetable,Harvest,grabber,2,
cucumber,Cucumber,Vegetable,Harvest,grabber,2,
spinach,Spinach,Vegetable,Harvest,grabber,3,
pepper,Pepper,Vegetable,Harvest,grabber,3,
sweet_potato,Sweet Potato,Vegetable,Harvest,grabber,3,
radish,Radish,Vegetable,Harvest,grabber,3,
beetroot,Beetroot,Vegetable,Harvest,grabber,3,
rice,Rice,Grain & Legume,Harvest,grabber,2,
wheat,Wheat,Grain & Legume,Harvest,grabber,2,
oats,Oats,Grain & Legume,Harvest,grabber,2,
soybean,Soybean,Grain & Legume,Harvest,grabber,3,
lentil,Lentil,Grain & Legume,Harvest,grabber,3,
chickpea,Chickpea,Grain & Legume,Harvest,grabber,3,
walnut,Walnut,Nut & Seed,Harvest,grabber,1,
peanut,Peanut,Nut & Seed,Harvest,grabber,1,
chestnut,Chestnut,Nut & Seed,Harvest,grabber,1,
almond,Almond,Nut & Seed,Harvest,grabber,2,
cashew,Cashew,Nut & Seed,Harvest,grabber,2,
pistachio,Pistachio,Nut & Seed,Harvest,grabber,3,
sunflower_seed,Sunflower Seed,Nut & Seed,Harvest,grabber,2,
sesame_seed,Sesame Seed,Nut & Seed,Harvest,grabber,3,
flax_seed,Flax Seed,Nut & Seed,Harvest,grabber,3,
chia_seed,Chia Seed,Nut & Seed,Harvest,grabber,3,
mint,Mint,Herb & Flower,Harvest,grabber,1,
basil,Basil,Herb & Flower,Harvest,grabber,1,
aloe,Aloe,Herb & Flower,Harvest,grabber,2,
ginger,Ginger,Herb & Flower,Harvest,grabber,2,
lavender,Lavender,Herb & Flower,Harvest,grabber,2,
rosemary,Rosemary,Herb & Flower,Harvest,grabber,2,
chamomile,Chamomile,Herb & Flower,Harvest,grabber,3,
ginseng,Ginseng,Herb & Flower,Harvest,grabber,3,
lotus_flower,Lotus Flower,Herb & Flower,Harvest,grabber,3,
cotton_boll,Cotton Boll,Herb & Flower,Harvest,grabber,2,
hemp_stalk,Hemp Stalk,Herb & Flower,Harvest,grabber,2,
silk_orchid,Silk Orchid,Herb & Flower,Harvest,grabber,4,
mushroom,Mushroom,Fungi & Algae,Harvest,grabber,1,
button_mushroom,Button Mushroom,Fungi & Algae,Harvest,grabber,1,
oyster_mushroom,Oyster Mushroom,Fungi & Algae,Harvest,grabber,2,
shiitake,Shiitake,Fungi & Algae,Harvest,grabber,2,
truffle,Truffle,Fungi & Algae,Harvest,grabber,3,
glow_mushroom,Glow Mushroom,Fungi & Algae,Harvest,grabber,3,
spirulina,Spirulina,Fungi & Algae,Harvest,grabber,3,
chlorella,Chlorella,Fungi & Algae,Harvest,grabber,4,
mouse,Mouse,Creature,Wildlife,lance,1,
rat,Rat,Creature,Wildlife,lance,1,
lizard,Lizard,Creature,Wildlife,lance,1,
turtle,Turtle,Creature,Wildlife,lance,1,
pigeon,Pigeon,Creature,Wildlife,lance,1,
sparrow,Sparrow,Creature,Wildlife,lance,1,
rabbit,Rabbit,Creature,Wildlife,lance,2,
squirrel,Squirrel,Creature,Wildlife,lance,2,
feral_chicken,Feral Chicken,Creature,Wildlife,lance,2,
duck,Duck,Creature,Wildlife,lance,2,
crow,Crow,Creature,Wildlife,lance,2,
snake,Snake,Creature,Wildlife,lance,2,
frog,Frog,Creature,Wildlife,lance,2,
goose,Goose,Creature,Wildlife,lance,2,
turkey,Turkey,Creature,Wildlife,lance,3,
fox,Fox,Creature,Wildlife,lance,3,
coyote,Coyote,Creature,Wildlife,lance,3,
monkey,Monkey,Creature,Wildlife,lance,3,
goat,Goat,Creature,Wildlife,lance,3,
wild_boar,Wild Boar,Creature,Wildlife,lance,3,
wolf,Wolf,Creature,Wildlife,lance,3,
deer,Deer,Creature,Wildlife,lance,3,
crocodile,Crocodile,Creature,Wildlife,lance,4,
bear,Bear,Creature,Wildlife,lance,4,
mutant_wolf,Mutant Wolf,Creature,Wildlife,lance,4,
feral_ox,Feral Ox,Creature,Wildlife,lance,4,
scrap_hound,Scrap Hound,Creature,Wildlife,lance,4,
feral_drone,Feral Drone,Creature,Wildlife,lance,4,
egg,Egg,Nest & Hive,Wildlife,lance,1,
feather,Feather,Nest & Hive,Wildlife,lance,1,
worm,Worm,Nest & Hive,Wildlife,lance,1,
cricket,Cricket,Nest & Hive,Wildlife,lance,1,
nest_straw,Nest Straw,Nest & Hive,Wildlife,lance,1,
honeycomb,Honeycomb,Nest & Hive,Wildlife,lance,2,
spider_silk,Spider Silk,Nest & Hive,Wildlife,lance,2,
snail_shell,Snail Shell,Nest & Hive,Wildlife,lance,2,
insect_wing,Insect Wing,Nest & Hive,Wildlife,lance,2,
beetle_shell,Beetle Shell,Nest & Hive,Wildlife,lance,3,
royal_jelly,Royal Jelly,Nest & Hive,Wildlife,lance,3,
glow_moth_dust,Glow Moth Dust,Nest & Hive,Wildlife,lance,4,
sardine,Sardine,Fish & Seafood,Fishing,rod,1,
mackerel,Mackerel,Fish & Seafood,Fishing,rod,1,
carp,Carp,Fish & Seafood,Fishing,rod,1,
crab,Crab,Fish & Seafood,Fishing,rod,1,
shrimp,Shrimp,Fish & Seafood,Fishing,rod,1,
trout,Trout,Fish & Seafood,Fishing,rod,2,
tuna,Tuna,Fish & Seafood,Fishing,rod,2,
red_salmon,Red Salmon,Fish & Seafood,Fishing,rod,2,
clownfish,Clownfish,Fish & Seafood,Fishing,rod,2,
moorish_idol,Moorish Idol,Fish & Seafood,Fishing,rod,2,
lobster,Lobster,Fish & Seafood,Fishing,rod,2,
squid,Squid,Fish & Seafood,Fishing,rod,2,
eel,Eel,Fish & Seafood,Fishing,rod,2,
catfish,Catfish,Fish & Seafood,Fishing,rod,2,
tiger_fish,Tiger Fish,Fish & Seafood,Fishing,rod,3,
octopus,Octopus,Fish & Seafood,Fishing,rod,3,
pufferfish,Pufferfish,Fish & Seafood,Fishing,rod,3,
jellyfish,Jellyfish,Fish & Seafood,Fishing,rod,3,
swordfish,Swordfish,Fish & Seafood,Fishing,rod,4,
reef_shark,Reef Shark,Fish & Seafood,Fishing,rod,4,
canal_water,Canal Water,Water & Aquatic,Fishing,rod,1,
rainwater,Rainwater,Water & Aquatic,Fishing,rod,1,
seawater,Seawater,Water & Aquatic,Fishing,rod,2,
kelp,Kelp,Water & Aquatic,Fishing,rod,2,
glacier_ice,Glacier Ice,Water & Aquatic,Fishing,rod,3,
spring_water,Spring Water,Water & Aquatic,Fishing,rod,3,
rubble,Rubble,Earth,Quarry,digger,1,yes
dirt,Dirt,Earth,Quarry,digger,1,
mud,Mud,Earth,Quarry,digger,1,
clay,Clay,Earth,Quarry,digger,1,
sand,Sand,Earth,Quarry,digger,1,
gravel,Gravel,Earth,Quarry,digger,1,
peat,Peat,Earth,Quarry,digger,2,
silt,Silt,Earth,Quarry,digger,2,
limestone,Limestone,Earth,Quarry,digger,2,
chalk,Chalk,Earth,Quarry,digger,2,
flint,Flint,Stone,Quarry,digger,1,
granite,Granite,Stone,Quarry,digger,2,
basalt,Basalt,Stone,Quarry,digger,2,
sandstone,Sandstone,Stone,Quarry,digger,2,
slate,Slate,Stone,Quarry,digger,2,
marble,Marble,Stone,Quarry,digger,3,
obsidian,Obsidian,Stone,Quarry,digger,3,
pumice,Pumice,Stone,Quarry,digger,3,
salt,Salt,Fuel & Chemical,Quarry,digger,1,
coal,Coal,Fuel & Chemical,Quarry,digger,2,
sulfur,Sulfur,Fuel & Chemical,Quarry,digger,2,
saltpeter,Saltpeter,Fuel & Chemical,Quarry,digger,3,
graphite,Graphite,Fuel & Chemical,Quarry,digger,3,
bitumen,Bitumen,Fuel & Chemical,Quarry,digger,3,
iron_ore,Iron Ore,Ore,Quarry,digger,2,
copper_ore,Copper Ore,Ore,Quarry,digger,2,
tin_ore,Tin Ore,Ore,Quarry,digger,2,
zinc_ore,Zinc Ore,Ore,Quarry,digger,3,
lead_ore,Lead Ore,Ore,Quarry,digger,3,
nickel_ore,Nickel Ore,Ore,Quarry,digger,3,
bauxite,Bauxite,Ore,Quarry,digger,3,
silver_ore,Silver Ore,Ore,Quarry,digger,3,
gold_ore,Gold Ore,Ore,Quarry,digger,4,
titanium_ore,Titanium Ore,Ore,Quarry,digger,4,
cobalt_ore,Cobalt Ore,Ore,Quarry,digger,4,
tungsten_ore,Tungsten Ore,Ore,Quarry,digger,4,
lithium_ore,Lithium Ore,Ore,Quarry,digger,4,
platinum_ore,Platinum Ore,Ore,Quarry,digger,4,
quartz_crystal,Quartz Crystal,Crystal & Gem,Quarry,digger,2,
silica_sand,Silica Sand,Crystal & Gem,Quarry,digger,2,
amethyst,Amethyst,Crystal & Gem,Quarry,digger,3,
ruby,Ruby,Crystal & Gem,Quarry,digger,3,
sapphire,Sapphire,Crystal & Gem,Quarry,digger,3,
emerald,Emerald,Crystal & Gem,Quarry,digger,3,
diamond,Diamond,Crystal & Gem,Quarry,digger,4,
lumen_crystal,Lumen Crystal,Crystal & Gem,Quarry,digger,4,
magnetite,Magnetite,Rare Earth,Quarry,digger,3,
rare_earth_ore,Rare Earth Ore,Rare Earth,Quarry,digger,4,
neodymium_ore,Neodymium Ore,Rare Earth,Quarry,digger,4,
meteorite_fragment,Meteorite Fragment,Rare Earth,Quarry,digger,4,
metal_scrap,Metal Scrap,Metal,Scavenge,axe,1,
alloy_scrap,Alloy Scrap,Metal,Scavenge,axe,1,
steel_bolt,Steel Bolt,Metal,Scavenge,axe,1,
iron_rod,Iron Rod,Metal,Scavenge,axe,1,
rivet,Rivet,Metal,Scavenge,axe,1,
aluminum_scrap,Aluminum Scrap,Metal,Scavenge,axe,2,
copper_pipe,Copper Pipe,Metal,Scavenge,axe,2,
spring,Spring,Metal,Scavenge,axe,2,
chain_link,Chain Link,Metal,Scavenge,axe,2,
steel_beam,Steel Beam,Metal,Scavenge,axe,3,
titanium_plate,Titanium Plate,Metal,Scavenge,axe,4,
bright_alloy,Bright Alloy,Metal,Scavenge,axe,4,
plastic_rod,Plastic Rod,Plastic & Rubber,Scavenge,axe,1,yes
cable_strand,Cable Strand,Plastic & Rubber,Scavenge,axe,1,yes
rubber_strip,Rubber Strip,Plastic & Rubber,Scavenge,axe,1,
plastic_sheet,Plastic Sheet,Plastic & Rubber,Scavenge,axe,1,
pvc_pipe,PVC Pipe,Plastic & Rubber,Scavenge,axe,2,
foam_padding,Foam Padding,Plastic & Rubber,Scavenge,axe,2,
rubber_hose,Rubber Hose,Plastic & Rubber,Scavenge,axe,2,
fiberglass,Fiberglass,Plastic & Rubber,Scavenge,axe,2,
rubber_tire,Rubber Tire,Plastic & Rubber,Scavenge,axe,3,
carbon_fiber_sheet,Carbon Fiber Sheet,Plastic & Rubber,Scavenge,axe,4,
copper_wire,Copper Wire,Wire & Cable,Scavenge,axe,2,
coaxial_cable,Coaxial Cable,Wire & Cable,Scavenge,axe,2,
power_cable,Power Cable,Wire & Cable,Scavenge,axe,2,
ribbon_cable,Ribbon Cable,Wire & Cable,Scavenge,axe,2,
fiber_optic_cable,Fiber Optic Cable,Wire & Cable,Scavenge,axe,3,
superconductor_wire,Superconductor Wire,Wire & Cable,Scavenge,axe,4,
resistor,Resistor,Electronics,Scavenge,axe,1,
circuit_board,Circuit Board,Electronics,Scavenge,axe,2,
capacitor,Capacitor,Electronics,Scavenge,axe,2,
led,LED,Electronics,Scavenge,axe,2,
battery_cell,Battery Cell,Electronics,Scavenge,axe,2,
magnet,Magnet,Electronics,Scavenge,axe,2,
cooling_fan,Cooling Fan,Electronics,Scavenge,axe,2,
speaker,Speaker,Electronics,Scavenge,axe,2,
antenna,Antenna,Electronics,Scavenge,axe,2,
microchip,Microchip,Electronics,Scavenge,axe,3,
lithium_battery,Lithium Battery,Electronics,Scavenge,axe,3,
small_motor,Small Motor,Electronics,Scavenge,axe,3,
sensor,Sensor,Electronics,Scavenge,axe,3,
camera_lens,Camera Lens,Electronics,Scavenge,axe,3,
screen_panel,Screen Panel,Electronics,Scavenge,axe,3,
solar_cell,Solar Cell,Electronics,Scavenge,axe,3,
glass_shard,Glass Shard,Glass & Ceramic,Scavenge,axe,1,
glass_pane,Glass Pane,Glass & Ceramic,Scavenge,axe,2,
ceramic_tile,Ceramic Tile,Glass & Ceramic,Scavenge,axe,2,
mirror_shard,Mirror Shard,Glass & Ceramic,Scavenge,axe,2,
ceramic_insulator,Ceramic Insulator,Glass & Ceramic,Scavenge,axe,3,
tempered_glass,Tempered Glass,Glass & Ceramic,Scavenge,axe,3,
gear,Gear,Machine Part,Scavenge,axe,1,
bearing,Bearing,Machine Part,Scavenge,axe,2,
valve,Valve,Machine Part,Scavenge,axe,2,
piston,Piston,Machine Part,Scavenge,axe,3,
pump_part,Pump Part,Machine Part,Scavenge,axe,3,
hydraulic_hose,Hydraulic Hose,Machine Part,Scavenge,axe,3,
servo,Servo,Machine Part,Scavenge,axe,4,
drone_rotor,Drone Rotor,Machine Part,Scavenge,axe,4,
turbine_blade,Turbine Blade,Machine Part,Scavenge,axe,4,
engine_block,Engine Block,Machine Part,Scavenge,axe,4,
twig,Twig,Overgrowth Wood,Scavenge,axe,1,
small_branch,Small Branch,Overgrowth Wood,Scavenge,axe,1,
tree_bark,Tree Bark,Overgrowth Wood,Scavenge,axe,1,
leaf,Leaf,Overgrowth Wood,Scavenge,axe,1,
vine,Vine,Overgrowth Wood,Scavenge,axe,1,
moss,Moss,Overgrowth Wood,Scavenge,axe,1,
fern_frond,Fern Frond,Overgrowth Wood,Scavenge,axe,1,
medium_branch,Medium Branch,Overgrowth Wood,Scavenge,axe,2,
small_trunk,Small Trunk,Overgrowth Wood,Scavenge,axe,2,
root,Root,Overgrowth Wood,Scavenge,axe,2,
resin,Resin,Overgrowth Wood,Scavenge,axe,2,
sap,Sap,Overgrowth Wood,Scavenge,axe,2,
bamboo_stalk,Bamboo Stalk,Overgrowth Wood,Scavenge,axe,2,
pine_cone,Pine Cone,Overgrowth Wood,Scavenge,axe,2,
ivy,Ivy,Overgrowth Wood,Scavenge,axe,2,
large_branch,Large Branch,Overgrowth Wood,Scavenge,axe,3,
medium_trunk,Medium Trunk,Overgrowth Wood,Scavenge,axe,3,
mangrove_root,Mangrove Root,Overgrowth Wood,Scavenge,axe,3,
large_trunk,Large Trunk,Overgrowth Wood,Scavenge,axe,4,
hardwood_knot,Hardwood Knot,Overgrowth Wood,Scavenge,axe,4,
vintage_circuit,Vintage Circuit,Relic,Scavenge,axe,4,
memory_crystal,Memory Crystal,Relic,Scavenge,axe,4,
fusion_cell,Fusion Cell,Relic,Scavenge,axe,4,
data_core,Data Core,Relic,Scavenge,axe,4,
ai_fragment,AI Fragment,Relic,Scavenge,axe,4,
sealed_time_capsule,Sealed Time Capsule,Relic,Scavenge,axe,4,
